rank,uid,title,year,venue,url,problem_claimed,actual_mechanism,hidden_assumptions,variables_treated_as_fixed,failure_modes_ignored,what_it_makes_less_novel,what_it_leaves_open
1,arxiv:2603.28545v1,ManipArena: Comprehensive Real-world Evaluation of Reasoning-Oriented Generalist Robot Manipulation,2026,arXiv,http://arxiv.org/abs/2603.28545v1,Addresses ensembles and world models for robots or a neighboring robotics mechanism.,"Prior work usually predicts, ranks, filters, or imitates observed behavior rather than preserving unrealized branches.",The observed outcome is enough to supervise the model.,"Contact mode support, embodiment limits, and deployment perturbations.","Branch collapse, hidden-mode shift, and tail-risk planning failures.",Generic world models and generic uncertainty are crowded.,Model disagreement protocols keeps action-critical alternatives explicit until a physical observation collapses them.
2,doi:10.61453/jods.v20260103,Benchmarking Robust Machine Learning Models Under Data Imperfections in Real-World Data Science Scenarios,2026,Journal of Data Science,https://doi.org/10.61453/jods.v20260103,Addresses ensembles and world models for robots or a neighboring robotics mechanism.,"Prior work usually predicts, ranks, filters, or imitates observed behavior rather than preserving unrealized branches.",The observed outcome is enough to supervise the model.,"Contact mode support, embodiment limits, and deployment perturbations.","Branch collapse, hidden-mode shift, and tail-risk planning failures.",Generic world models and generic uncertainty are crowded.,Model disagreement protocols keeps action-critical alternatives explicit until a physical observation collapses them.
3,arxiv:2601.07821v1,Failure-Aware RL: Reliable Offline-to-Online Reinforcement Learning with Self-Recovery for Real-World Manipulation,2026,arXiv,http://arxiv.org/abs/2601.07821v1,Addresses ensembles and world models for robots or a neighboring robotics mechanism.,"Prior work usually predicts, ranks, filters, or imitates observed behavior rather than preserving unrealized branches.",The observed outcome is enough to supervise the model.,"Contact mode support, embodiment limits, and deployment perturbations.","Branch collapse, hidden-mode shift, and tail-risk planning failures.",Generic world models and generic uncertainty are crowded.,Model disagreement protocols keeps action-critical alternatives explicit until a physical observation collapses them.
4,doi:10.2139/ssrn.6709818,Evaluating Large Language Model Ensembles as Probabilistic Forecasters: An Empirical Study on Live Real-World Events,,,https://doi.org/10.2139/ssrn.6709818,Addresses ensembles and world models for robots or a neighboring robotics mechanism.,"Prior work usually predicts, ranks, filters, or imitates observed behavior rather than preserving unrealized branches.",The observed outcome is enough to supervise the model.,"Contact mode support, embodiment limits, and deployment perturbations.","Branch collapse, hidden-mode shift, and tail-risk planning failures.",Generic world models and generic uncertainty are crowded.,Model disagreement protocols keeps action-critical alternatives explicit until a physical observation collapses them.
5,doi:10.1007/s13142-016-0395-7,Agile science: creating useful products for behavior change in the real world,2016,Translational Behavioral Medicine,https://doi.org/10.1007/s13142-016-0395-7,Addresses ensembles and world models for robots or a neighboring robotics mechanism.,"Prior work usually predicts, ranks, filters, or imitates observed behavior rather than preserving unrealized branches.",The observed outcome is enough to supervise the model.,"Contact mode support, embodiment limits, and deployment perturbations.","Branch collapse, hidden-mode shift, and tail-risk planning failures.",Generic world models and generic uncertainty are crowded.,Model disagreement protocols keeps action-critical alternatives explicit until a physical observation collapses them.
6,arxiv:2601.21282v1,WorldBench: Disambiguating Physics for Diagnostic Evaluation of World Models,2026,arXiv,http://arxiv.org/abs/2601.21282v1,Addresses ensembles and world models for robots or a neighboring robotics mechanism.,"Prior work usually predicts, ranks, filters, or imitates observed behavior rather than preserving unrealized branches.",The observed outcome is enough to supervise the model.,"Contact mode support, embodiment limits, and deployment perturbations.","Branch collapse, hidden-mode shift, and tail-risk planning failures.",Generic world models and generic uncertainty are crowded.,Model disagreement protocols keeps action-critical alternatives explicit until a physical observation collapses them.
7,arxiv:2604.07430v1,HY-Embodied-0.5: Embodied Foundation Models for Real-World Agents,2026,arXiv,http://arxiv.org/abs/2604.07430v1,Addresses ensembles and world models for robots or a neighboring robotics mechanism.,"Prior work usually predicts, ranks, filters, or imitates observed behavior rather than preserving unrealized branches.",The observed outcome is enough to supervise the model.,"Contact mode support, embodiment limits, and deployment perturbations.","Branch collapse, hidden-mode shift, and tail-risk planning failures.",Generic world models and generic uncertainty are crowded.,Model disagreement protocols keeps action-critical alternatives explicit until a physical observation collapses them.
8,doi:10.52783/jisem.v10i50s.10219,Self-Supervised Learning for Generalizable AI: Bridging the Gap Between Pretraining and Real-World Deployment,2025,Journal of Information Systems Engineering and Management,https://doi.org/10.52783/jisem.v10i50s.10219,Addresses ensembles and world models for robots or a neighboring robotics mechanism.,"Prior work usually predicts, ranks, filters, or imitates observed behavior rather than preserving unrealized branches.",The observed outcome is enough to supervise the model.,"Contact mode support, embodiment limits, and deployment perturbations.","Branch collapse, hidden-mode shift, and tail-risk planning failures.",Generic world models and generic uncertainty are crowded.,Model disagreement protocols keeps action-critical alternatives explicit until a physical observation collapses them.
9,doi:10.1007/s44267-025-00075-0,MIRSAM: multimodal vision-language segment anything model for infrared small target detection,2025,Visual Intelligence,https://doi.org/10.1007/s44267-025-00075-0,Addresses ensembles and world models for robots or a neighboring robotics mechanism.,"Prior work usually predicts, ranks, filters, or imitates observed behavior rather than preserving unrealized branches.",The observed outcome is enough to supervise the model.,"Contact mode support, embodiment limits, and deployment perturbations.","Branch collapse, hidden-mode shift, and tail-risk planning failures.",Generic world models and generic uncertainty are crowded.,Model disagreement protocols keeps action-critical alternatives explicit until a physical observation collapses them.
10,arxiv:2102.08080v1,Learning the Noise of Failure: Intelligent System Tests for Robots,2021,arXiv,http://arxiv.org/abs/2102.08080v1,Addresses ensembles and world models for robots or a neighboring robotics mechanism.,"Prior work usually predicts, ranks, filters, or imitates observed behavior rather than preserving unrealized branches.",The observed outcome is enough to supervise the model.,"Contact mode support, embodiment limits, and deployment perturbations.","Branch collapse, hidden-mode shift, and tail-risk planning failures.",Generic world models and generic uncertainty are crowded.,Model disagreement protocols keeps action-critical alternatives explicit until a physical observation collapses them.
11,doi:10.11591/eei.v14i4.9487,Adaptive fuzzy sliding-mode control for robot manipulator with uncertain model and external disturbance,2025,Bulletin of Electrical Engineering and Informatics,https://doi.org/10.11591/eei.v14i4.9487,Addresses ensembles and world models for robots or a neighboring robotics mechanism.,"Prior work usually predicts, ranks, filters, or imitates observed behavior rather than preserving unrealized branches.",The observed outcome is enough to supervise the model.,"Contact mode support, embodiment limits, and deployment perturbations.","Branch collapse, hidden-mode shift, and tail-risk planning failures.",Generic world models and generic uncertainty are crowded.,Model disagreement protocols keeps action-critical alternatives explicit until a physical observation collapses them.
12,doi:10.54660/.ijfmr.2024.5.1.33-39,Sim-to-Real Transfer in Robotics: Addressing the Gap between Simulation and Real-World Performance,2024,Journal of Frontiers in Multidisciplinary Research,https://doi.org/10.54660/.ijfmr.2024.5.1.33-39,Addresses ensembles and world models for robots or a neighboring robotics mechanism.,"Prior work usually predicts, ranks, filters, or imitates observed behavior rather than preserving unrealized branches.",The observed outcome is enough to supervise the model.,"Contact mode support, embodiment limits, and deployment perturbations.","Branch collapse, hidden-mode shift, and tail-risk planning failures.",Generic world models and generic uncertainty are crowded.,Model disagreement protocols keeps action-critical alternatives explicit until a physical observation collapses them.
13,doi:10.26599/tst.2024.9010202,A Predefined-Time Convergent and Noise-Tolerant Zeroing Neural Network Model for Time Variant Quadratic Programming with Application to Robot Motion Planning,2026,Tsinghua Science and Technology,https://doi.org/10.26599/tst.2024.9010202,Addresses ensembles and world models for robots or a neighboring robotics mechanism.,"Prior work usually predicts, ranks, filters, or imitates observed behavior rather than preserving unrealized branches.",The observed outcome is enough to supervise the model.,"Contact mode support, embodiment limits, and deployment perturbations.","Branch collapse, hidden-mode shift, and tail-risk planning failures.",Generic world models and generic uncertainty are crowded.,Model disagreement protocols keeps action-critical alternatives explicit until a physical observation collapses them.
14,doi:10.1016/j.patcog.2024.110823,Learning real-world heterogeneous noise models with a benchmark dataset,2024,Pattern Recognition,https://doi.org/10.1016/j.patcog.2024.110823,Addresses ensembles and world models for robots or a neighboring robotics mechanism.,"Prior work usually predicts, ranks, filters, or imitates observed behavior rather than preserving unrealized branches.",The observed outcome is enough to supervise the model.,"Contact mode support, embodiment limits, and deployment perturbations.","Branch collapse, hidden-mode shift, and tail-risk planning failures.",Generic world models and generic uncertainty are crowded.,Model disagreement protocols keeps action-critical alternatives explicit until a physical observation collapses them.
15,doi:10.1109/70.611311,Useful metrics for modular robot motion planning,1997,IEEE Transactions on Robotics and Automation,https://doi.org/10.1109/70.611311,Addresses ensembles and world models for robots or a neighboring robotics mechanism.,"Prior work usually predicts, ranks, filters, or imitates observed behavior rather than preserving unrealized branches.",The observed outcome is enough to supervise the model.,"Contact mode support, embodiment limits, and deployment perturbations.","Branch collapse, hidden-mode shift, and tail-risk planning failures.",Generic world models and generic uncertainty are crowded.,Model disagreement protocols keeps action-critical alternatives explicit until a physical observation collapses them.
16,doi:10.33392/diam.1871,"Expertise, disagreement, and trust in vaccine science and policy. The importance of transparency in a world of experts",2025,Diametros,https://doi.org/10.33392/diam.1871,Addresses ensembles and world models for robots or a neighboring robotics mechanism.,"Prior work usually predicts, ranks, filters, or imitates observed behavior rather than preserving unrealized branches.",The observed outcome is enough to supervise the model.,"Contact mode support, embodiment limits, and deployment perturbations.","Branch collapse, hidden-mode shift, and tail-risk planning failures.",Generic world models and generic uncertainty are crowded.,Model disagreement protocols keeps action-critical alternatives explicit until a physical observation collapses them.
17,arxiv:2603.06987v1,Foundational World Models Accurately Detect Bimanual Manipulator Failures,2026,arXiv,http://arxiv.org/abs/2603.06987v1,Addresses ensembles and world models for robots or a neighboring robotics mechanism.,"Prior work usually predicts, ranks, filters, or imitates observed behavior rather than preserving unrealized branches.",The observed outcome is enough to supervise the model.,"Contact mode support, embodiment limits, and deployment perturbations.","Branch collapse, hidden-mode shift, and tail-risk planning failures.",Generic world models and generic uncertainty are crowded.,Model disagreement protocols keeps action-critical alternatives explicit until a physical observation collapses them.
18,arxiv:2402.11871v6,From Real World to Logic and Back: Learning Generalizable Relational Concepts For Long Horizon Robot Planning,2024,arXiv,http://arxiv.org/abs/2402.11871v6,Addresses ensembles and world models for robots or a neighboring robotics mechanism.,"Prior work usually predicts, ranks, filters, or imitates observed behavior rather than preserving unrealized branches.",The observed outcome is enough to supervise the model.,"Contact mode support, embodiment limits, and deployment perturbations.","Branch collapse, hidden-mode shift, and tail-risk planning failures.",Generic world models and generic uncertainty are crowded.,Model disagreement protocols keeps action-critical alternatives explicit until a physical observation collapses them.
19,doi:10.1126/scirobotics.adi9579,Real-world humanoid locomotion with reinforcement learning,2024,Science Robotics,https://doi.org/10.1126/scirobotics.adi9579,Addresses ensembles and world models for robots or a neighboring robotics mechanism.,"Prior work usually predicts, ranks, filters, or imitates observed behavior rather than preserving unrealized branches.",The observed outcome is enough to supervise the model.,"Contact mode support, embodiment limits, and deployment perturbations.","Branch collapse, hidden-mode shift, and tail-risk planning failures.",Generic world models and generic uncertainty are crowded.,Model disagreement protocols keeps action-critical alternatives explicit until a physical observation collapses them.
20,doi:10.1111/flan.12216,Youth Participatory Action Research in World Language Classrooms,2016,Foreign Language Annals,https://doi.org/10.1111/flan.12216,Addresses ensembles and world models for robots or a neighboring robotics mechanism.,"Prior work usually predicts, ranks, filters, or imitates observed behavior rather than preserving unrealized branches.",The observed outcome is enough to supervise the model.,"Contact mode support, embodiment limits, and deployment perturbations.","Branch collapse, hidden-mode shift, and tail-risk planning failures.",Generic world models and generic uncertainty are crowded.,Model disagreement protocols keeps action-critical alternatives explicit until a physical observation collapses them.
21,doi:10.1145/3475724.3483607,Real World Robustness from Systematic Noise,2021,Proceedings of the 1st International Workshop on Adversarial Learning for Multimedia,https://doi.org/10.1145/3475724.3483607,Addresses ensembles and world models for robots or a neighboring robotics mechanism.,"Prior work usually predicts, ranks, filters, or imitates observed behavior rather than preserving unrealized branches.",The observed outcome is enough to supervise the model.,"Contact mode support, embodiment limits, and deployment perturbations.","Branch collapse, hidden-mode shift, and tail-risk planning failures.",Generic world models and generic uncertainty are crowded.,Model disagreement protocols keeps action-critical alternatives explicit until a physical observation collapses them.
22,doi:10.1109/iavvc63304.2024.10786438,DriveGenVLM: Real-world Video Generation for Vision Language Model based Autonomous Driving,2024,2024 IEEE International Automated Vehicle Validation Conference (IAVVC),https://doi.org/10.1109/iavvc63304.2024.10786438,Addresses ensembles and world models for robots or a neighboring robotics mechanism.,"Prior work usually predicts, ranks, filters, or imitates observed behavior rather than preserving unrealized branches.",The observed outcome is enough to supervise the model.,"Contact mode support, embodiment limits, and deployment perturbations.","Branch collapse, hidden-mode shift, and tail-risk planning failures.",Generic world models and generic uncertainty are crowded.,Model disagreement protocols keeps action-critical alternatives explicit until a physical observation collapses them.
23,doi:10.1109/cvpr52734.2025.01934,STING-BEE : Towards Vision-Language Model for Real-World X-ray Baggage Security Inspection,2025,2025 IEEE/CVF Conference on Computer Vision and Pattern Recognition (CVPR),https://doi.org/10.1109/cvpr52734.2025.01934,Addresses ensembles and world models for robots or a neighboring robotics mechanism.,"Prior work usually predicts, ranks, filters, or imitates observed behavior rather than preserving unrealized branches.",The observed outcome is enough to supervise the model.,"Contact mode support, embodiment limits, and deployment perturbations.","Branch collapse, hidden-mode shift, and tail-risk planning failures.",Generic world models and generic uncertainty are crowded.,Model disagreement protocols keeps action-critical alternatives explicit until a physical observation collapses them.
24,arxiv:2605.08567v2,ACWM-Phys: Investigating Generalized Physical Interaction in Action-Conditioned Video World Models,2026,arXiv,http://arxiv.org/abs/2605.08567v2,Addresses ensembles and world models for robots or a neighboring robotics mechanism.,"Prior work usually predicts, ranks, filters, or imitates observed behavior rather than preserving unrealized branches.",The observed outcome is enough to supervise the model.,"Contact mode support, embodiment limits, and deployment perturbations.","Branch collapse, hidden-mode shift, and tail-risk planning failures.",Generic world models and generic uncertainty are crowded.,Model disagreement protocols keeps action-critical alternatives explicit until a physical observation collapses them.
25,doi:10.3390/sym18030394,PI-VLA: Adaptive Symmetry-Aware Decision-Making for Long-Horizon Vision–Language–Action Manipulation,2026,Symmetry,https://doi.org/10.3390/sym18030394,Addresses ensembles and world models for robots or a neighboring robotics mechanism.,"Prior work usually predicts, ranks, filters, or imitates observed behavior rather than preserving unrealized branches.",The observed outcome is enough to supervise the model.,"Contact mode support, embodiment limits, and deployment perturbations.","Branch collapse, hidden-mode shift, and tail-risk planning failures.",Generic world models and generic uncertainty are crowded.,Model disagreement protocols keeps action-critical alternatives explicit until a physical observation collapses them.
26,doi:10.1007/s42452-024-05803-7,Training environmental sound classification models for real-world deployment in edge devices,2024,Discover Applied Sciences,https://doi.org/10.1007/s42452-024-05803-7,Addresses ensembles and world models for robots or a neighboring robotics mechanism.,"Prior work usually predicts, ranks, filters, or imitates observed behavior rather than preserving unrealized branches.",The observed outcome is enough to supervise the model.,"Contact mode support, embodiment limits, and deployment perturbations.","Branch collapse, hidden-mode shift, and tail-risk planning failures.",Generic world models and generic uncertainty are crowded.,Model disagreement protocols keeps action-critical alternatives explicit until a physical observation collapses them.
27,doi:10.56028/aetr.16.1.1488.2026,A Review: Foundation Model-based Person Re-identification,2026,Advances in Engineering Technology Research,https://doi.org/10.56028/aetr.16.1.1488.2026,Addresses ensembles and world models for robots or a neighboring robotics mechanism.,"Prior work usually predicts, ranks, filters, or imitates observed behavior rather than preserving unrealized branches.",The observed outcome is enough to supervise the model.,"Contact mode support, embodiment limits, and deployment perturbations.","Branch collapse, hidden-mode shift, and tail-risk planning failures.",Generic world models and generic uncertainty are crowded.,Model disagreement protocols keeps action-critical alternatives explicit until a physical observation collapses them.
28,doi:10.1609/aaai.v28i1.8865,PREGO: An Action Language for Belief-Based Cognitive Robotics in Continuous Domains,2014,Proceedings of the AAAI Conference on Artificial Intelligence,https://doi.org/10.1609/aaai.v28i1.8865,Addresses ensembles and world models for robots or a neighboring robotics mechanism.,"Prior work usually predicts, ranks, filters, or imitates observed behavior rather than preserving unrealized branches.",The observed outcome is enough to supervise the model.,"Contact mode support, embodiment limits, and deployment perturbations.","Branch collapse, hidden-mode shift, and tail-risk planning failures.",Generic world models and generic uncertainty are crowded.,Model disagreement protocols keeps action-critical alternatives explicit until a physical observation collapses them.
29,doi:10.1007/s10994-022-06248-y,Responsible model deployment via model-agnostic uncertainty learning,2023,Machine Learning,https://doi.org/10.1007/s10994-022-06248-y,Addresses ensembles and world models for robots or a neighboring robotics mechanism.,"Prior work usually predicts, ranks, filters, or imitates observed behavior rather than preserving unrealized branches.",The observed outcome is enough to supervise the model.,"Contact mode support, embodiment limits, and deployment perturbations.","Branch collapse, hidden-mode shift, and tail-risk planning failures.",Generic world models and generic uncertainty are crowded.,Model disagreement protocols keeps action-critical alternatives explicit until a physical observation collapses them.
30,arxiv:2602.11291v2,H-WM: Robotic Task and Motion Planning Guided by Hierarchical World Model,2026,arXiv,http://arxiv.org/abs/2602.11291v2,Addresses ensembles and world models for robots or a neighboring robotics mechanism.,"Prior work usually predicts, ranks, filters, or imitates observed behavior rather than preserving unrealized branches.",The observed outcome is enough to supervise the model.,"Contact mode support, embodiment limits, and deployment perturbations.","Branch collapse, hidden-mode shift, and tail-risk planning failures.",Generic world models and generic uncertainty are crowded.,Model disagreement protocols keeps action-critical alternatives explicit until a physical observation collapses them.
31,arxiv:2507.16713v2,A Pragmatist Robot: Learning to Plan Tasks by Experiencing the Real World,2025,arXiv,http://arxiv.org/abs/2507.16713v2,Addresses ensembles and world models for robots or a neighboring robotics mechanism.,"Prior work usually predicts, ranks, filters, or imitates observed behavior rather than preserving unrealized branches.",The observed outcome is enough to supervise the model.,"Contact mode support, embodiment limits, and deployment perturbations.","Branch collapse, hidden-mode shift, and tail-risk planning failures.",Generic world models and generic uncertainty are crowded.,Model disagreement protocols keeps action-critical alternatives explicit until a physical observation collapses them.
32,arxiv:2512.01946v3,Scaling Cross-Environment Failure Reasoning Data for Vision-Language Robotic Manipulation,2025,arXiv,http://arxiv.org/abs/2512.01946v3,Addresses ensembles and world models for robots or a neighboring robotics mechanism.,"Prior work usually predicts, ranks, filters, or imitates observed behavior rather than preserving unrealized branches.",The observed outcome is enough to supervise the model.,"Contact mode support, embodiment limits, and deployment perturbations.","Branch collapse, hidden-mode shift, and tail-risk planning failures.",Generic world models and generic uncertainty are crowded.,Model disagreement protocols keeps action-critical alternatives explicit until a physical observation collapses them.
33,arxiv:2506.20566v1,HRIBench: Benchmarking Vision-Language Models for Real-Time Human Perception in Human-Robot Interaction,2025,arXiv,http://arxiv.org/abs/2506.20566v1,Addresses ensembles and world models for robots or a neighboring robotics mechanism.,"Prior work usually predicts, ranks, filters, or imitates observed behavior rather than preserving unrealized branches.",The observed outcome is enough to supervise the model.,"Contact mode support, embodiment limits, and deployment perturbations.","Branch collapse, hidden-mode shift, and tail-risk planning failures.",Generic world models and generic uncertainty are crowded.,Model disagreement protocols keeps action-critical alternatives explicit until a physical observation collapses them.
34,doi:10.1016/j.rcim.2019.101821,A robust weld seam recognition method under heavy noise based on structured-light vision,2020,Robotics and Computer-Integrated Manufacturing,https://doi.org/10.1016/j.rcim.2019.101821,Addresses ensembles and world models for robots or a neighboring robotics mechanism.,"Prior work usually predicts, ranks, filters, or imitates observed behavior rather than preserving unrealized branches.",The observed outcome is enough to supervise the model.,"Contact mode support, embodiment limits, and deployment perturbations.","Branch collapse, hidden-mode shift, and tail-risk planning failures.",Generic world models and generic uncertainty are crowded.,Model disagreement protocols keeps action-critical alternatives explicit until a physical observation collapses them.
35,doi:10.3390/machines11111033,Heuristics and Rescheduling in Prioritised Multi-Robot Path Planning: A Literature Review,2023,Machines,https://doi.org/10.3390/machines11111033,Addresses ensembles and world models for robots or a neighboring robotics mechanism.,"Prior work usually predicts, ranks, filters, or imitates observed behavior rather than preserving unrealized branches.",The observed outcome is enough to supervise the model.,"Contact mode support, embodiment limits, and deployment perturbations.","Branch collapse, hidden-mode shift, and tail-risk planning failures.",Generic world models and generic uncertainty are crowded.,Model disagreement protocols keeps action-critical alternatives explicit until a physical observation collapses them.
36,doi:10.1016/j.ress.2022.108920,Improved anti-noise adaptive long short-term memory neural network modeling for the robust remaining useful life prediction of lithium-ion batteries,2022,Reliability Engineering & System Safety,https://doi.org/10.1016/j.ress.2022.108920,Addresses ensembles and world models for robots or a neighboring robotics mechanism.,"Prior work usually predicts, ranks, filters, or imitates observed behavior rather than preserving unrealized branches.",The observed outcome is enough to supervise the model.,"Contact mode support, embodiment limits, and deployment perturbations.","Branch collapse, hidden-mode shift, and tail-risk planning failures.",Generic world models and generic uncertainty are crowded.,Model disagreement protocols keeps action-critical alternatives explicit until a physical observation collapses them.
37,arxiv:2410.23156v2,VisualPredicator: Learning Abstract World Models with Neuro-Symbolic Predicates for Robot Planning,2024,arXiv,http://arxiv.org/abs/2410.23156v2,Addresses ensembles and world models for robots or a neighboring robotics mechanism.,"Prior work usually predicts, ranks, filters, or imitates observed behavior rather than preserving unrealized branches.",The observed outcome is enough to supervise the model.,"Contact mode support, embodiment limits, and deployment perturbations.","Branch collapse, hidden-mode shift, and tail-risk planning failures.",Generic world models and generic uncertainty are crowded.,Model disagreement protocols keeps action-critical alternatives explicit until a physical observation collapses them.
38,doi:10.3390/s26113541,Sensing the Action: Rethinking Sensor Modalities and Multi-Modal Fusion in Vision–Language–Action Models for Robotic Manipulation,2026,Sensors,https://doi.org/10.3390/s26113541,Addresses ensembles and world models for robots or a neighboring robotics mechanism.,"Prior work usually predicts, ranks, filters, or imitates observed behavior rather than preserving unrealized branches.",The observed outcome is enough to supervise the model.,"Contact mode support, embodiment limits, and deployment perturbations.","Branch collapse, hidden-mode shift, and tail-risk planning failures.",Generic world models and generic uncertainty are crowded.,Model disagreement protocols keeps action-critical alternatives explicit until a physical observation collapses them.
39,doi:10.54254/2755-2721/2025.ast27134,Integrating Motion Planning in Vision Language Action Agents,2025,Applied and Computational Engineering,https://doi.org/10.54254/2755-2721/2025.ast27134,Addresses ensembles and world models for robots or a neighboring robotics mechanism.,"Prior work usually predicts, ranks, filters, or imitates observed behavior rather than preserving unrealized branches.",The observed outcome is enough to supervise the model.,"Contact mode support, embodiment limits, and deployment perturbations.","Branch collapse, hidden-mode shift, and tail-risk planning failures.",Generic world models and generic uncertainty are crowded.,Model disagreement protocols keeps action-critical alternatives explicit until a physical observation collapses them.
40,doi:10.66967/jaics.2026.v2i103,Multimodal AI: PaLM-E’s Role in Vision–Language–Robotics & the Future of Efficient Fine-Tuning,2026,Journal of Artificial Intelligence & Control Systems,https://doi.org/10.66967/jaics.2026.v2i103,Addresses ensembles and world models for robots or a neighboring robotics mechanism.,"Prior work usually predicts, ranks, filters, or imitates observed behavior rather than preserving unrealized branches.",The observed outcome is enough to supervise the model.,"Contact mode support, embodiment limits, and deployment perturbations.","Branch collapse, hidden-mode shift, and tail-risk planning failures.",Generic world models and generic uncertainty are crowded.,Model disagreement protocols keeps action-critical alternatives explicit until a physical observation collapses them.
41,doi:10.20944/preprints202606.0425.v1,The Evaluation Bottleneck of Vision-Language-Action Models: A Evaluation-Centric Survey,,,https://doi.org/10.20944/preprints202606.0425.v1,Addresses ensembles and world models for robots or a neighboring robotics mechanism.,"Prior work usually predicts, ranks, filters, or imitates observed behavior rather than preserving unrealized branches.",The observed outcome is enough to supervise the model.,"Contact mode support, embodiment limits, and deployment perturbations.","Branch collapse, hidden-mode shift, and tail-risk planning failures.",Generic world models and generic uncertainty are crowded.,Model disagreement protocols keeps action-critical alternatives explicit until a physical observation collapses them.
42,doi:10.1109/iccv51070.2023.01971,Visually-Prompted Language Model for Fine-Grained Scene Graph Generation in an Open World,2023,2023 IEEE/CVF International Conference on Computer Vision (ICCV),https://doi.org/10.1109/iccv51070.2023.01971,Addresses ensembles and world models for robots or a neighboring robotics mechanism.,"Prior work usually predicts, ranks, filters, or imitates observed behavior rather than preserving unrealized branches.",The observed outcome is enough to supervise the model.,"Contact mode support, embodiment limits, and deployment perturbations.","Branch collapse, hidden-mode shift, and tail-risk planning failures.",Generic world models and generic uncertainty are crowded.,Model disagreement protocols keeps action-critical alternatives explicit until a physical observation collapses them.
43,doi:10.1002/ehf2.13221,Hospital Readmissions of Patients with Heart Failure from Real World: Timing and Associated Risk Factors,2021,ESC Heart Failure,https://doi.org/10.1002/ehf2.13221,Addresses ensembles and world models for robots or a neighboring robotics mechanism.,"Prior work usually predicts, ranks, filters, or imitates observed behavior rather than preserving unrealized branches.",The observed outcome is enough to supervise the model.,"Contact mode support, embodiment limits, and deployment perturbations.","Branch collapse, hidden-mode shift, and tail-risk planning failures.",Generic world models and generic uncertainty are crowded.,Model disagreement protocols keeps action-critical alternatives explicit until a physical observation collapses them.
44,doi:10.1145/3762657,Grasp-HGN: Grasping the Unexpected,2025,ACM Transactions on Embedded Computing Systems,https://doi.org/10.1145/3762657,Addresses ensembles and world models for robots or a neighboring robotics mechanism.,"Prior work usually predicts, ranks, filters, or imitates observed behavior rather than preserving unrealized branches.",The observed outcome is enough to supervise the model.,"Contact mode support, embodiment limits, and deployment perturbations.","Branch collapse, hidden-mode shift, and tail-risk planning failures.",Generic world models and generic uncertainty are crowded.,Model disagreement protocols keeps action-critical alternatives explicit until a physical observation collapses them.
45,doi:10.1115/wtc2005-64005,A Particle Filtering Framework for Failure Prognosis,2005,"World Tribology Congress III, Volume 2",https://doi.org/10.1115/wtc2005-64005,Addresses ensembles and world models for robots or a neighboring robotics mechanism.,"Prior work usually predicts, ranks, filters, or imitates observed behavior rather than preserving unrealized branches.",The observed outcome is enough to supervise the model.,"Contact mode support, embodiment limits, and deployment perturbations.","Branch collapse, hidden-mode shift, and tail-risk planning failures.",Generic world models and generic uncertainty are crowded.,Model disagreement protocols keeps action-critical alternatives explicit until a physical observation collapses them.
46,arxiv:2202.06674v2,Learning to Ground Objects for Robot Task and Motion Planning,2022,arXiv,http://arxiv.org/abs/2202.06674v2,Addresses ensembles and world models for robots or a neighboring robotics mechanism.,"Prior work usually predicts, ranks, filters, or imitates observed behavior rather than preserving unrealized branches.",The observed outcome is enough to supervise the model.,"Contact mode support, embodiment limits, and deployment perturbations.","Branch collapse, hidden-mode shift, and tail-risk planning failures.",Generic world models and generic uncertainty are crowded.,Model disagreement protocols keeps action-critical alternatives explicit until a physical observation collapses them.
47,doi:10.1081/jdi-120026028,Evaluation of Two Protocols of Uremic Rat Model: Partial Nephrectomy and Infarction,2003,Renal Failure,https://doi.org/10.1081/jdi-120026028,Addresses ensembles and world models for robots or a neighboring robotics mechanism.,"Prior work usually predicts, ranks, filters, or imitates observed behavior rather than preserving unrealized branches.",The observed outcome is enough to supervise the model.,"Contact mode support, embodiment limits, and deployment perturbations.","Branch collapse, hidden-mode shift, and tail-risk planning failures.",Generic world models and generic uncertainty are crowded.,Model disagreement protocols keeps action-critical alternatives explicit until a physical observation collapses them.
48,arxiv:2602.03973v1,VLS: Steering Pretrained Robot Policies via Vision-Language Models,2026,arXiv,http://arxiv.org/abs/2602.03973v1,Addresses ensembles and world models for robots or a neighboring robotics mechanism.,"Prior work usually predicts, ranks, filters, or imitates observed behavior rather than preserving unrealized branches.",The observed outcome is enough to supervise the model.,"Contact mode support, embodiment limits, and deployment perturbations.","Branch collapse, hidden-mode shift, and tail-risk planning failures.",Generic world models and generic uncertainty are crowded.,Model disagreement protocols keeps action-critical alternatives explicit until a physical observation collapses them.
49,arxiv:2502.19645v2,Fine-Tuning Vision-Language-Action Models: Optimizing Speed and Success,2025,arXiv,http://arxiv.org/abs/2502.19645v2,Addresses ensembles and world models for robots or a neighboring robotics mechanism.,"Prior work usually predicts, ranks, filters, or imitates observed behavior rather than preserving unrealized branches.",The observed outcome is enough to supervise the model.,"Contact mode support, embodiment limits, and deployment perturbations.","Branch collapse, hidden-mode shift, and tail-risk planning failures.",Generic world models and generic uncertainty are crowded.,Model disagreement protocols keeps action-critical alternatives explicit until a physical observation collapses them.
50,arxiv:2603.12510v3,Red-Teaming Vision-Language-Action Models via Quality Diversity Prompt Generation for Robust Robot Policies,2026,arXiv,http://arxiv.org/abs/2603.12510v3,Addresses ensembles and world models for robots or a neighboring robotics mechanism.,"Prior work usually predicts, ranks, filters, or imitates observed behavior rather than preserving unrealized branches.",The observed outcome is enough to supervise the model.,"Contact mode support, embodiment limits, and deployment perturbations.","Branch collapse, hidden-mode shift, and tail-risk planning failures.",Generic world models and generic uncertainty are crowded.,Model disagreement protocols keeps action-critical alternatives explicit until a physical observation collapses them.
51,doi:10.1145/3485832.3485877,Heterogeneous-PAKE: Bridging the Gap between PAKE Protocols and Their Real-World Deployment,2021,Annual Computer Security Applications Conference,https://doi.org/10.1145/3485832.3485877,Addresses ensembles and world models for robots or a neighboring robotics mechanism.,"Prior work usually predicts, ranks, filters, or imitates observed behavior rather than preserving unrealized branches.",The observed outcome is enough to supervise the model.,"Contact mode support, embodiment limits, and deployment perturbations.","Branch collapse, hidden-mode shift, and tail-risk planning failures.",Generic world models and generic uncertainty are crowded.,Model disagreement protocols keeps action-critical alternatives explicit until a physical observation collapses them.
52,doi:10.1177/0278364918812981,I-Planner: Intention-aware motion planning using learning-based human motion prediction,2019,The International Journal of Robotics Research,https://doi.org/10.1177/0278364918812981,Addresses ensembles and world models for robots or a neighboring robotics mechanism.,"Prior work usually predicts, ranks, filters, or imitates observed behavior rather than preserving unrealized branches.",The observed outcome is enough to supervise the model.,"Contact mode support, embodiment limits, and deployment perturbations.","Branch collapse, hidden-mode shift, and tail-risk planning failures.",Generic world models and generic uncertainty are crowded.,Model disagreement protocols keeps action-critical alternatives explicit until a physical observation collapses them.
53,arxiv:2604.21741v2,Hi-WM: Human-in-the-World-Model for Scalable Robot Post-Training,2026,arXiv,http://arxiv.org/abs/2604.21741v2,Addresses ensembles and world models for robots or a neighboring robotics mechanism.,"Prior work usually predicts, ranks, filters, or imitates observed behavior rather than preserving unrealized branches.",The observed outcome is enough to supervise the model.,"Contact mode support, embodiment limits, and deployment perturbations.","Branch collapse, hidden-mode shift, and tail-risk planning failures.",Generic world models and generic uncertainty are crowded.,Model disagreement protocols keeps action-critical alternatives explicit until a physical observation collapses them.
54,arxiv:2605.19209v1,Graph Neural Planning and Predictive Control for Multi-Robot Communication-Constrained Unlabeled Motion Planning,2026,arXiv,http://arxiv.org/abs/2605.19209v1,Addresses ensembles and world models for robots or a neighboring robotics mechanism.,"Prior work usually predicts, ranks, filters, or imitates observed behavior rather than preserving unrealized branches.",The observed outcome is enough to supervise the model.,"Contact mode support, embodiment limits, and deployment perturbations.","Branch collapse, hidden-mode shift, and tail-risk planning failures.",Generic world models and generic uncertainty are crowded.,Model disagreement protocols keeps action-critical alternatives explicit until a physical observation collapses them.
55,doi:10.1146/annurev-control-042920-101825,"Noise in Biomolecular Systems: Modeling, Analysis, and Control Implications",2023,"Annual Review of Control, Robotics, and Autonomous Systems",https://doi.org/10.1146/annurev-control-042920-101825,Addresses ensembles and world models for robots or a neighboring robotics mechanism.,"Prior work usually predicts, ranks, filters, or imitates observed behavior rather than preserving unrealized branches.",The observed outcome is enough to supervise the model.,"Contact mode support, embodiment limits, and deployment perturbations.","Branch collapse, hidden-mode shift, and tail-risk planning failures.",Generic world models and generic uncertainty are crowded.,Model disagreement protocols keeps action-critical alternatives explicit until a physical observation collapses them.
56,doi:10.1109/cvpr52733.2024.01397,Driving Into the Future: Multiview Visual Forecasting and Planning with World Model for Autonomous Driving,2024,2024 IEEE/CVF Conference on Computer Vision and Pattern Recognition (CVPR),https://doi.org/10.1109/cvpr52733.2024.01397,Addresses ensembles and world models for robots or a neighboring robotics mechanism.,"Prior work usually predicts, ranks, filters, or imitates observed behavior rather than preserving unrealized branches.",The observed outcome is enough to supervise the model.,"Contact mode support, embodiment limits, and deployment perturbations.","Branch collapse, hidden-mode shift, and tail-risk planning failures.",Generic world models and generic uncertainty are crowded.,Model disagreement protocols keeps action-critical alternatives explicit until a physical observation collapses them.
57,doi:10.1080/0886022x.2025.2449580,Efficacy and safety of telitacicept in IgA nephropathy: a real-world study,2025,Renal Failure,https://doi.org/10.1080/0886022x.2025.2449580,Addresses ensembles and world models for robots or a neighboring robotics mechanism.,"Prior work usually predicts, ranks, filters, or imitates observed behavior rather than preserving unrealized branches.",The observed outcome is enough to supervise the model.,"Contact mode support, embodiment limits, and deployment perturbations.","Branch collapse, hidden-mode shift, and tail-risk planning failures.",Generic world models and generic uncertainty are crowded.,Model disagreement protocols keeps action-critical alternatives explicit until a physical observation collapses them.
58,doi:10.1142/9789811232701_0004,"Making Compassionate Use More Useful: Using real-world data, real-world evidence and digital twins to supplement or supplant randomized controlled trials",2020,Biocomputing 2021,https://doi.org/10.1142/9789811232701_0004,Addresses ensembles and world models for robots or a neighboring robotics mechanism.,"Prior work usually predicts, ranks, filters, or imitates observed behavior rather than preserving unrealized branches.",The observed outcome is enough to supervise the model.,"Contact mode support, embodiment limits, and deployment perturbations.","Branch collapse, hidden-mode shift, and tail-risk planning failures.",Generic world models and generic uncertainty are crowded.,Model disagreement protocols keeps action-critical alternatives explicit until a physical observation collapses them.
59,doi:10.1002/mrm.10220,k ‐Space interpretation of the Rose Model: Noise limitation on the detectable resolution in MRI,2002,Magnetic Resonance in Medicine,https://doi.org/10.1002/mrm.10220,Addresses ensembles and world models for robots or a neighboring robotics mechanism.,"Prior work usually predicts, ranks, filters, or imitates observed behavior rather than preserving unrealized branches.",The observed outcome is enough to supervise the model.,"Contact mode support, embodiment limits, and deployment perturbations.","Branch collapse, hidden-mode shift, and tail-risk planning failures.",Generic world models and generic uncertainty are crowded.,Model disagreement protocols keeps action-critical alternatives explicit until a physical observation collapses them.
60,doi:10.1109/iros60139.2025.11246918,Real-World Offline Reinforcement Learning from Vision Language Model Feedback,2025,2025 IEEE/RSJ International Conference on Intelligent Robots and Systems (IROS),https://doi.org/10.1109/iros60139.2025.11246918,Addresses ensembles and world models for robots or a neighboring robotics mechanism.,"Prior work usually predicts, ranks, filters, or imitates observed behavior rather than preserving unrealized branches.",The observed outcome is enough to supervise the model.,"Contact mode support, embodiment limits, and deployment perturbations.","Branch collapse, hidden-mode shift, and tail-risk planning failures.",Generic world models and generic uncertainty are crowded.,Model disagreement protocols keeps action-critical alternatives explicit until a physical observation collapses them.
61,doi:10.1609/aaai.v39i9.32992,PlanLLM: Video Procedure Planning with Refinable Large Language Models,2025,Proceedings of the AAAI Conference on Artificial Intelligence,https://doi.org/10.1609/aaai.v39i9.32992,Addresses ensembles and world models for robots or a neighboring robotics mechanism.,"Prior work usually predicts, ranks, filters, or imitates observed behavior rather than preserving unrealized branches.",The observed outcome is enough to supervise the model.,"Contact mode support, embodiment limits, and deployment perturbations.","Branch collapse, hidden-mode shift, and tail-risk planning failures.",Generic world models and generic uncertainty are crowded.,Model disagreement protocols keeps action-critical alternatives explicit until a physical observation collapses them.
62,doi:10.1080/0886022x.2025.2461668,Real-world assessment of sparsentan’s drug safety framework,2025,Renal Failure,https://doi.org/10.1080/0886022x.2025.2461668,Addresses ensembles and world models for robots or a neighboring robotics mechanism.,"Prior work usually predicts, ranks, filters, or imitates observed behavior rather than preserving unrealized branches.",The observed outcome is enough to supervise the model.,"Contact mode support, embodiment limits, and deployment perturbations.","Branch collapse, hidden-mode shift, and tail-risk planning failures.",Generic world models and generic uncertainty are crowded.,Model disagreement protocols keeps action-critical alternatives explicit until a physical observation collapses them.
63,doi:10.1002/ehf2.15320,Real-World Use of Guideline-Directed Therapy for Heart Failure: Insights From the Danish Heart Failure Registry,2025,ESC Heart Failure,https://doi.org/10.1002/ehf2.15320,Addresses ensembles and world models for robots or a neighboring robotics mechanism.,"Prior work usually predicts, ranks, filters, or imitates observed behavior rather than preserving unrealized branches.",The observed outcome is enough to supervise the model.,"Contact mode support, embodiment limits, and deployment perturbations.","Branch collapse, hidden-mode shift, and tail-risk planning failures.",Generic world models and generic uncertainty are crowded.,Model disagreement protocols keeps action-critical alternatives explicit until a physical observation collapses them.
64,arxiv:2011.00621v1,Semantic Task Planning for Service Robots in Open World,2020,arXiv,http://arxiv.org/abs/2011.00621v1,Addresses ensembles and world models for robots or a neighboring robotics mechanism.,"Prior work usually predicts, ranks, filters, or imitates observed behavior rather than preserving unrealized branches.",The observed outcome is enough to supervise the model.,"Contact mode support, embodiment limits, and deployment perturbations.","Branch collapse, hidden-mode shift, and tail-risk planning failures.",Generic world models and generic uncertainty are crowded.,Model disagreement protocols keeps action-critical alternatives explicit until a physical observation collapses them.
65,arxiv:2606.12217v1,Making Foresight Actionable: Repurposing Representation Alignment in World Action Models,2026,arXiv,http://arxiv.org/abs/2606.12217v1,Addresses ensembles and world models for robots or a neighboring robotics mechanism.,"Prior work usually predicts, ranks, filters, or imitates observed behavior rather than preserving unrealized branches.",The observed outcome is enough to supervise the model.,"Contact mode support, embodiment limits, and deployment perturbations.","Branch collapse, hidden-mode shift, and tail-risk planning failures.",Generic world models and generic uncertainty are crowded.,Model disagreement protocols keeps action-critical alternatives explicit until a physical observation collapses them.
66,doi:10.2478/s13230-012-0020-5,VisGraB: A Benchmark for Vision-Based Grasping,2012,"Paladyn, Journal of Behavioral Robotics",https://doi.org/10.2478/s13230-012-0020-5,Addresses ensembles and world models for robots or a neighboring robotics mechanism.,"Prior work usually predicts, ranks, filters, or imitates observed behavior rather than preserving unrealized branches.",The observed outcome is enough to supervise the model.,"Contact mode support, embodiment limits, and deployment perturbations.","Branch collapse, hidden-mode shift, and tail-risk planning failures.",Generic world models and generic uncertainty are crowded.,Model disagreement protocols keeps action-critical alternatives explicit until a physical observation collapses them.
67,doi:10.3390/app15042179,A Comprehensive Review of Deep Learning Techniques in Mobile Robot Path Planning: Categorization and Analysis,2025,Applied Sciences,https://doi.org/10.3390/app15042179,Addresses ensembles and world models for robots or a neighboring robotics mechanism.,"Prior work usually predicts, ranks, filters, or imitates observed behavior rather than preserving unrealized branches.",The observed outcome is enough to supervise the model.,"Contact mode support, embodiment limits, and deployment perturbations.","Branch collapse, hidden-mode shift, and tail-risk planning failures.",Generic world models and generic uncertainty are crowded.,Model disagreement protocols keeps action-critical alternatives explicit until a physical observation collapses them.
68,doi:10.1016/j.cardfail.2022.04.011,Eligibility for Dapagliflozin and Empagliflozin in a Real-world Heart Failure Population,2022,Journal of Cardiac Failure,https://doi.org/10.1016/j.cardfail.2022.04.011,Addresses ensembles and world models for robots or a neighboring robotics mechanism.,"Prior work usually predicts, ranks, filters, or imitates observed behavior rather than preserving unrealized branches.",The observed outcome is enough to supervise the model.,"Contact mode support, embodiment limits, and deployment perturbations.","Branch collapse, hidden-mode shift, and tail-risk planning failures.",Generic world models and generic uncertainty are crowded.,Model disagreement protocols keeps action-critical alternatives explicit until a physical observation collapses them.
69,doi:10.18653/v1/2024.emnlp-industry.27,TPTU-v2: Boosting Task Planning and Tool Usage of Large Language Model-based Agents in Real-world Industry Systems,2024,Proceedings of the 2024 Conference on Empirical Methods in Natural Language Processing: Industry Track,https://doi.org/10.18653/v1/2024.emnlp-industry.27,Addresses ensembles and world models for robots or a neighboring robotics mechanism.,"Prior work usually predicts, ranks, filters, or imitates observed behavior rather than preserving unrealized branches.",The observed outcome is enough to supervise the model.,"Contact mode support, embodiment limits, and deployment perturbations.","Branch collapse, hidden-mode shift, and tail-risk planning failures.",Generic world models and generic uncertainty are crowded.,Model disagreement protocols keeps action-critical alternatives explicit until a physical observation collapses them.
70,doi:10.48550/arxiv.1706.04652,Learning a visuomotor controller for real world robotic grasping using simulated depth images,2017,arXiv (Cornell University),https://doi.org/10.48550/arxiv.1706.04652,Addresses ensembles and world models for robots or a neighboring robotics mechanism.,"Prior work usually predicts, ranks, filters, or imitates observed behavior rather than preserving unrealized branches.",The observed outcome is enough to supervise the model.,"Contact mode support, embodiment limits, and deployment perturbations.","Branch collapse, hidden-mode shift, and tail-risk planning failures.",Generic world models and generic uncertainty are crowded.,Model disagreement protocols keeps action-critical alternatives explicit until a physical observation collapses them.
71,doi:10.1007/978-3-658-45136-3_2,The Unsolved Deficits of the Classical Economic Standard Model and the Failure of the Theoretical Model in the Real World,2024,New Economic Theory,https://doi.org/10.1007/978-3-658-45136-3_2,Addresses ensembles and world models for robots or a neighboring robotics mechanism.,"Prior work usually predicts, ranks, filters, or imitates observed behavior rather than preserving unrealized branches.",The observed outcome is enough to supervise the model.,"Contact mode support, embodiment limits, and deployment perturbations.","Branch collapse, hidden-mode shift, and tail-risk planning failures.",Generic world models and generic uncertainty are crowded.,Model disagreement protocols keeps action-critical alternatives explicit until a physical observation collapses them.
72,title:learning a visuomotor controller for real world robotic grasping using simulated depth images,Learning a visuomotor controller for real world robotic grasping using simulated depth images,2017,Conference on Robot Learning,https://openalex.org/W2962787403,Addresses ensembles and world models for robots or a neighboring robotics mechanism.,"Prior work usually predicts, ranks, filters, or imitates observed behavior rather than preserving unrealized branches.",The observed outcome is enough to supervise the model.,"Contact mode support, embodiment limits, and deployment perturbations.","Branch collapse, hidden-mode shift, and tail-risk planning failures.",Generic world models and generic uncertainty are crowded.,Model disagreement protocols keeps action-critical alternatives explicit until a physical observation collapses them.
73,doi:10.36628/ijhf.2022.0032,Lifestyle Modification in Heart Failure Management: Are We Using Evidence-Based Recommendations in Real World Practice?,2023,International Journal of Heart Failure,https://doi.org/10.36628/ijhf.2022.0032,Addresses ensembles and world models for robots or a neighboring robotics mechanism.,"Prior work usually predicts, ranks, filters, or imitates observed behavior rather than preserving unrealized branches.",The observed outcome is enough to supervise the model.,"Contact mode support, embodiment limits, and deployment perturbations.","Branch collapse, hidden-mode shift, and tail-risk planning failures.",Generic world models and generic uncertainty are crowded.,Model disagreement protocols keeps action-critical alternatives explicit until a physical observation collapses them.
74,arxiv:2112.05299v1,Zero-Shot Uncertainty-Aware Deployment of Simulation Trained Policies on Real-World Robots,2021,arXiv,http://arxiv.org/abs/2112.05299v1,Addresses ensembles and world models for robots or a neighboring robotics mechanism.,"Prior work usually predicts, ranks, filters, or imitates observed behavior rather than preserving unrealized branches.",The observed outcome is enough to supervise the model.,"Contact mode support, embodiment limits, and deployment perturbations.","Branch collapse, hidden-mode shift, and tail-risk planning failures.",Generic world models and generic uncertainty are crowded.,Model disagreement protocols keeps action-critical alternatives explicit until a physical observation collapses them.
75,doi:10.1167/jov.21.5.1,Modulation of visually guided action by the image and familiar sizes of real-world objects,2021,Journal of Vision,https://doi.org/10.1167/jov.21.5.1,Addresses ensembles and world models for robots or a neighboring robotics mechanism.,"Prior work usually predicts, ranks, filters, or imitates observed behavior rather than preserving unrealized branches.",The observed outcome is enough to supervise the model.,"Contact mode support, embodiment limits, and deployment perturbations.","Branch collapse, hidden-mode shift, and tail-risk planning failures.",Generic world models and generic uncertainty are crowded.,Model disagreement protocols keeps action-critical alternatives explicit until a physical observation collapses them.
76,doi:10.1080/0886022x.2024.2400541,Effectiveness and safety of finerenone in diabetic kidney disease patients: a real-world observational study from China,2024,Renal Failure,https://doi.org/10.1080/0886022x.2024.2400541,Addresses ensembles and world models for robots or a neighboring robotics mechanism.,"Prior work usually predicts, ranks, filters, or imitates observed behavior rather than preserving unrealized branches.",The observed outcome is enough to supervise the model.,"Contact mode support, embodiment limits, and deployment perturbations.","Branch collapse, hidden-mode shift, and tail-risk planning failures.",Generic world models and generic uncertainty are crowded.,Model disagreement protocols keeps action-critical alternatives explicit until a physical observation collapses them.
77,arxiv:1911.07850v1,Frequency Separation for Real-World Super-Resolution,2019,arXiv,http://arxiv.org/abs/1911.07850v1,Addresses ensembles and world models for robots or a neighboring robotics mechanism.,"Prior work usually predicts, ranks, filters, or imitates observed behavior rather than preserving unrealized branches.",The observed outcome is enough to supervise the model.,"Contact mode support, embodiment limits, and deployment perturbations.","Branch collapse, hidden-mode shift, and tail-risk planning failures.",Generic world models and generic uncertainty are crowded.,Model disagreement protocols keeps action-critical alternatives explicit until a physical observation collapses them.
78,doi:10.56028/aetr.15.1.1423.2025,RT-2: Vision-Language-Action Models for Generalizable Robotic Control: A Comprehensive Review,2025,Advances in Engineering Technology Research,https://doi.org/10.56028/aetr.15.1.1423.2025,Addresses ensembles and world models for robots or a neighboring robotics mechanism.,"Prior work usually predicts, ranks, filters, or imitates observed behavior rather than preserving unrealized branches.",The observed outcome is enough to supervise the model.,"Contact mode support, embodiment limits, and deployment perturbations.","Branch collapse, hidden-mode shift, and tail-risk planning failures.",Generic world models and generic uncertainty are crowded.,Model disagreement protocols keeps action-critical alternatives explicit until a physical observation collapses them.
79,doi:10.54254/2755-2721/2025.tj22524,Vision-Language Model Security in Autonomous Driving: A Survey,2025,Applied and Computational Engineering,https://doi.org/10.54254/2755-2721/2025.tj22524,Addresses ensembles and world models for robots or a neighboring robotics mechanism.,"Prior work usually predicts, ranks, filters, or imitates observed behavior rather than preserving unrealized branches.",The observed outcome is enough to supervise the model.,"Contact mode support, embodiment limits, and deployment perturbations.","Branch collapse, hidden-mode shift, and tail-risk planning failures.",Generic world models and generic uncertainty are crowded.,Model disagreement protocols keeps action-critical alternatives explicit until a physical observation collapses them.
80,doi:10.3390/app14093649,R-PointNet: Robust 3D Object Recognition Network for Real-World Point Clouds Corruption,2024,Applied Sciences,https://doi.org/10.3390/app14093649,Addresses ensembles and world models for robots or a neighboring robotics mechanism.,"Prior work usually predicts, ranks, filters, or imitates observed behavior rather than preserving unrealized branches.",The observed outcome is enough to supervise the model.,"Contact mode support, embodiment limits, and deployment perturbations.","Branch collapse, hidden-mode shift, and tail-risk planning failures.",Generic world models and generic uncertainty are crowded.,Model disagreement protocols keeps action-critical alternatives explicit until a physical observation collapses them.
81,doi:10.1002/ehf2.15183,Real-World Comparative Effectiveness of Sacubitril/Valsartan Versus RAS Inhibition Alone in Patients with De Novo Heart Failure,2025,ESC Heart Failure,https://doi.org/10.1002/ehf2.15183,Addresses ensembles and world models for robots or a neighboring robotics mechanism.,"Prior work usually predicts, ranks, filters, or imitates observed behavior rather than preserving unrealized branches.",The observed outcome is enough to supervise the model.,"Contact mode support, embodiment limits, and deployment perturbations.","Branch collapse, hidden-mode shift, and tail-risk planning failures.",Generic world models and generic uncertainty are crowded.,Model disagreement protocols keeps action-critical alternatives explicit until a physical observation collapses them.
82,doi:10.1177/1473095216688042,"Make kin, not cities! Multispecies entanglements and ‘becoming-world’ in planning theory",2018,Planning Theory,https://doi.org/10.1177/1473095216688042,Addresses ensembles and world models for robots or a neighboring robotics mechanism.,"Prior work usually predicts, ranks, filters, or imitates observed behavior rather than preserving unrealized branches.",The observed outcome is enough to supervise the model.,"Contact mode support, embodiment limits, and deployment perturbations.","Branch collapse, hidden-mode shift, and tail-risk planning failures.",Generic world models and generic uncertainty are crowded.,Model disagreement protocols keeps action-critical alternatives explicit until a physical observation collapses them.
83,doi:10.1145/3587716.3587728,Unexpectedly Useful: Convergence Bounds And Real-World Distributed Learning,2023,Proceedings of the 2023 15th International Conference on Machine Learning and Computing,https://doi.org/10.1145/3587716.3587728,Addresses ensembles and world models for robots or a neighboring robotics mechanism.,"Prior work usually predicts, ranks, filters, or imitates observed behavior rather than preserving unrealized branches.",The observed outcome is enough to supervise the model.,"Contact mode support, embodiment limits, and deployment perturbations.","Branch collapse, hidden-mode shift, and tail-risk planning failures.",Generic world models and generic uncertainty are crowded.,Model disagreement protocols keeps action-critical alternatives explicit until a physical observation collapses them.
84,doi:10.47472/lsfrev3y,Standardization of visual representation of noise and air quality for social consequences in urban planning,2023,Proceedings of the 59th ISOCARP World Planning Congress,https://doi.org/10.47472/lsfrev3y,Addresses ensembles and world models for robots or a neighboring robotics mechanism.,"Prior work usually predicts, ranks, filters, or imitates observed behavior rather than preserving unrealized branches.",The observed outcome is enough to supervise the model.,"Contact mode support, embodiment limits, and deployment perturbations.","Branch collapse, hidden-mode shift, and tail-risk planning failures.",Generic world models and generic uncertainty are crowded.,Model disagreement protocols keeps action-critical alternatives explicit until a physical observation collapses them.
85,doi:10.1016/j.cardfail.2023.10.478,Prediction of Heart Failure Events With the HeartLogic Algorithm: Real-World Validation,2024,Journal of Cardiac Failure,https://doi.org/10.1016/j.cardfail.2023.10.478,Addresses ensembles and world models for robots or a neighboring robotics mechanism.,"Prior work usually predicts, ranks, filters, or imitates observed behavior rather than preserving unrealized branches.",The observed outcome is enough to supervise the model.,"Contact mode support, embodiment limits, and deployment perturbations.","Branch collapse, hidden-mode shift, and tail-risk planning failures.",Generic world models and generic uncertainty are crowded.,Model disagreement protocols keeps action-critical alternatives explicit until a physical observation collapses them.
86,doi:10.1016/j.cardfail.2025.02.003,Real-World Analysis of Health Care Utilization With Baroreflex Activation Therapy for Heart Failure,2025,Journal of Cardiac Failure,https://doi.org/10.1016/j.cardfail.2025.02.003,Addresses ensembles and world models for robots or a neighboring robotics mechanism.,"Prior work usually predicts, ranks, filters, or imitates observed behavior rather than preserving unrealized branches.",The observed outcome is enough to supervise the model.,"Contact mode support, embodiment limits, and deployment perturbations.","Branch collapse, hidden-mode shift, and tail-risk planning failures.",Generic world models and generic uncertainty are crowded.,Model disagreement protocols keeps action-critical alternatives explicit until a physical observation collapses them.
87,arxiv:2606.00815v1,OmniEEG-Bench: A Standardized Evaluation Benchmark for EEG Foundation Models,2026,arXiv,http://arxiv.org/abs/2606.00815v1,Addresses ensembles and world models for robots or a neighboring robotics mechanism.,"Prior work usually predicts, ranks, filters, or imitates observed behavior rather than preserving unrealized branches.",The observed outcome is enough to supervise the model.,"Contact mode support, embodiment limits, and deployment perturbations.","Branch collapse, hidden-mode shift, and tail-risk planning failures.",Generic world models and generic uncertainty are crowded.,Model disagreement protocols keeps action-critical alternatives explicit until a physical observation collapses them.
88,arxiv:2509.13780v1,Behavior Foundation Model for Humanoid Robots,2025,arXiv,http://arxiv.org/abs/2509.13780v1,Addresses ensembles and world models for robots or a neighboring robotics mechanism.,"Prior work usually predicts, ranks, filters, or imitates observed behavior rather than preserving unrealized branches.",The observed outcome is enough to supervise the model.,"Contact mode support, embodiment limits, and deployment perturbations.","Branch collapse, hidden-mode shift, and tail-risk planning failures.",Generic world models and generic uncertainty are crowded.,Model disagreement protocols keeps action-critical alternatives explicit until a physical observation collapses them.
89,arxiv:2512.00797v1,Transforming Monolithic Foundation Models into Embodied Multi-Agent Architectures for Human-Robot Collaboration,2025,arXiv,http://arxiv.org/abs/2512.00797v1,Addresses ensembles and world models for robots or a neighboring robotics mechanism.,"Prior work usually predicts, ranks, filters, or imitates observed behavior rather than preserving unrealized branches.",The observed outcome is enough to supervise the model.,"Contact mode support, embodiment limits, and deployment perturbations.","Branch collapse, hidden-mode shift, and tail-risk planning failures.",Generic world models and generic uncertainty are crowded.,Model disagreement protocols keeps action-critical alternatives explicit until a physical observation collapses them.
90,arxiv:2511.05397v1,EveryDayVLA: A Vision-Language-Action Model for Affordable Robotic Manipulation,2025,arXiv,http://arxiv.org/abs/2511.05397v1,Addresses ensembles and world models for robots or a neighboring robotics mechanism.,"Prior work usually predicts, ranks, filters, or imitates observed behavior rather than preserving unrealized branches.",The observed outcome is enough to supervise the model.,"Contact mode support, embodiment limits, and deployment perturbations.","Branch collapse, hidden-mode shift, and tail-risk planning failures.",Generic world models and generic uncertainty are crowded.,Model disagreement protocols keeps action-critical alternatives explicit until a physical observation collapses them.
91,arxiv:2511.17889v1,MobileVLA-R1: Reinforcing Vision-Language-Action for Mobile Robots,2025,arXiv,http://arxiv.org/abs/2511.17889v1,Addresses ensembles and world models for robots or a neighboring robotics mechanism.,"Prior work usually predicts, ranks, filters, or imitates observed behavior rather than preserving unrealized branches.",The observed outcome is enough to supervise the model.,"Contact mode support, embodiment limits, and deployment perturbations.","Branch collapse, hidden-mode shift, and tail-risk planning failures.",Generic world models and generic uncertainty are crowded.,Model disagreement protocols keeps action-critical alternatives explicit until a physical observation collapses them.
92,arxiv:2509.19480v1,OmniVLA: An Omni-Modal Vision-Language-Action Model for Robot Navigation,2025,arXiv,http://arxiv.org/abs/2509.19480v1,Addresses ensembles and world models for robots or a neighboring robotics mechanism.,"Prior work usually predicts, ranks, filters, or imitates observed behavior rather than preserving unrealized branches.",The observed outcome is enough to supervise the model.,"Contact mode support, embodiment limits, and deployment perturbations.","Branch collapse, hidden-mode shift, and tail-risk planning failures.",Generic world models and generic uncertainty are crowded.,Model disagreement protocols keeps action-critical alternatives explicit until a physical observation collapses them.
93,doi:10.1002/ehf2.12251,Eligibility of Sacubitril–Valsartan in a Real-World Heart Failure Population: A Community-Based Single-Centre Study,2018,ESC Heart Failure,https://doi.org/10.1002/ehf2.12251,Addresses ensembles and world models for robots or a neighboring robotics mechanism.,"Prior work usually predicts, ranks, filters, or imitates observed behavior rather than preserving unrealized branches.",The observed outcome is enough to supervise the model.,"Contact mode support, embodiment limits, and deployment perturbations.","Branch collapse, hidden-mode shift, and tail-risk planning failures.",Generic world models and generic uncertainty are crowded.,Model disagreement protocols keeps action-critical alternatives explicit until a physical observation collapses them.
94,arxiv:2509.15876v1,High-Bandwidth Tactile-Reactive Control for Grasp Adjustment,2025,arXiv,http://arxiv.org/abs/2509.15876v1,Addresses ensembles and world models for robots or a neighboring robotics mechanism.,"Prior work usually predicts, ranks, filters, or imitates observed behavior rather than preserving unrealized branches.",The observed outcome is enough to supervise the model.,"Contact mode support, embodiment limits, and deployment perturbations.","Branch collapse, hidden-mode shift, and tail-risk planning failures.",Generic world models and generic uncertainty are crowded.,Model disagreement protocols keeps action-critical alternatives explicit until a physical observation collapses them.
95,arxiv:2508.17753v1,Talking to Robots: A Practical Examination of Speech Foundation Models for HRI Applications,2025,arXiv,http://arxiv.org/abs/2508.17753v1,Addresses ensembles and world models for robots or a neighboring robotics mechanism.,"Prior work usually predicts, ranks, filters, or imitates observed behavior rather than preserving unrealized branches.",The observed outcome is enough to supervise the model.,"Contact mode support, embodiment limits, and deployment perturbations.","Branch collapse, hidden-mode shift, and tail-risk planning failures.",Generic world models and generic uncertainty are crowded.,Model disagreement protocols keeps action-critical alternatives explicit until a physical observation collapses them.
96,doi:10.1177/02783640122067525,Quantitative Evaluation of Matching Methods and Validity Measures for Stereo Vision,2001,The International Journal of Robotics Research,https://doi.org/10.1177/02783640122067525,Addresses ensembles and world models for robots or a neighboring robotics mechanism.,"Prior work usually predicts, ranks, filters, or imitates observed behavior rather than preserving unrealized branches.",The observed outcome is enough to supervise the model.,"Contact mode support, embodiment limits, and deployment perturbations.","Branch collapse, hidden-mode shift, and tail-risk planning failures.",Generic world models and generic uncertainty are crowded.,Model disagreement protocols keeps action-critical alternatives explicit until a physical observation collapses them.
97,doi:10.1080/1045988x.2022.2109565,Social emotional learning and cultural relevancy: Real world challenges,2023,Preventing School Failure: Alternative Education for Children and Youth,https://doi.org/10.1080/1045988x.2022.2109565,Addresses ensembles and world models for robots or a neighboring robotics mechanism.,"Prior work usually predicts, ranks, filters, or imitates observed behavior rather than preserving unrealized branches.",The observed outcome is enough to supervise the model.,"Contact mode support, embodiment limits, and deployment perturbations.","Branch collapse, hidden-mode shift, and tail-risk planning failures.",Generic world models and generic uncertainty are crowded.,Model disagreement protocols keeps action-critical alternatives explicit until a physical observation collapses them.
98,doi:10.1609/aimag.v37i2.2651,Robot Planning in the Real World: Research Challenges and Opportunities,2016,AI Magazine,https://doi.org/10.1609/aimag.v37i2.2651,Addresses ensembles and world models for robots or a neighboring robotics mechanism.,"Prior work usually predicts, ranks, filters, or imitates observed behavior rather than preserving unrealized branches.",The observed outcome is enough to supervise the model.,"Contact mode support, embodiment limits, and deployment perturbations.","Branch collapse, hidden-mode shift, and tail-risk planning failures.",Generic world models and generic uncertainty are crowded.,Model disagreement protocols keeps action-critical alternatives explicit until a physical observation collapses them.
99,doi:10.1146/annurev-control-091420-084139,Integrated Task and Motion Planning,2021,"Annual Review of Control, Robotics, and Autonomous Systems",https://doi.org/10.1146/annurev-control-091420-084139,Addresses ensembles and world models for robots or a neighboring robotics mechanism.,"Prior work usually predicts, ranks, filters, or imitates observed behavior rather than preserving unrealized branches.",The observed outcome is enough to supervise the model.,"Contact mode support, embodiment limits, and deployment perturbations.","Branch collapse, hidden-mode shift, and tail-risk planning failures.",Generic world models and generic uncertainty are crowded.,Model disagreement protocols keeps action-critical alternatives explicit until a physical observation collapses them.
100,doi:10.1002/ehf2.12644,Early Experience of Sacubitril–Valsartan in Heart Failure with Reduced Ejection Fraction in Real-world Clinical Setting,2020,ESC Heart Failure,https://doi.org/10.1002/ehf2.12644,Addresses ensembles and world models for robots or a neighboring robotics mechanism.,"Prior work usually predicts, ranks, filters, or imitates observed behavior rather than preserving unrealized branches.",The observed outcome is enough to supervise the model.,"Contact mode support, embodiment limits, and deployment perturbations.","Branch collapse, hidden-mode shift, and tail-risk planning failures.",Generic world models and generic uncertainty are crowded.,Model disagreement protocols keeps action-critical alternatives explicit until a physical observation collapses them.
